{"cameraMode":{"drawMode":0,"name":"Shaded","section":"Shading Mode"},"sceneLighting":true,"audioPlay":false,"sceneViewState":{"m_AlwaysRefresh":false,"showFog":true,"showSkybox":true,"showFlares":true,"showImageEffects":true,"showParticleSystems":true,"showVisualEffectGraphs":true,"m_FxEnabled":true},"in2DMode":false,"pivot":{"x":20.018280029296876,"y":105.17488861083985,"z":-3.0738792419433595},"rotation":{"x":-0.5149475336074829,"y":0.37287643551826479,"z":-0.26277416944503786,"w":-0.7267885804176331},"size":15.46564769744873,"orthographic":true}