{"cameraMode":{"drawMode":0,"name":"Shaded","section":"Shading Mode"},"sceneLighting":true,"audioPlay":false,"sceneViewState":{"m_AlwaysRefresh":false,"showFog":true,"showSkybox":true,"showFlares":true,"showImageEffects":true,"showParticleSystems":true,"showVisualEffectGraphs":true,"m_FxEnabled":true},"in2DMode":false,"pivot":{"x":0.6695694923400879,"y":3.055253505706787,"z":-3.7286953926086427},"rotation":{"x":0.5776570439338684,"y":-0.13249726593494416,"z":0.0942927747964859,"w":0.8005301356315613},"size":12.903800964355469,"orthographic":true}