{"cameraMode":{"drawMode":0,"name":"Shaded","section":"Shading Mode"},"sceneLighting":true,"audioPlay":false,"sceneViewState":{"m_AlwaysRefresh":false,"showFog":true,"showSkybox":true,"showFlares":true,"showImageEffects":true,"showParticleSystems":true,"showVisualEffectGraphs":true,"m_FxEnabled":true},"in2DMode":false,"pivot":{"x":-1.9701770544052125,"y":18.946945190429689,"z":17.328989028930665},"rotation":{"x":-0.05240507423877716,"y":0.9139900803565979,"z":-0.3860233426094055,"w":-0.11866028606891632},"size":12.641915321350098,"orthographic":true}