{"cameraMode":{"drawMode":0,"name":"Shaded","section":"Shading Mode"},"sceneLighting":true,"audioPlay":false,"sceneViewState":{"m_AlwaysRefresh":false,"showFog":true,"showSkybox":true,"showFlares":true,"showImageEffects":true,"showParticleSystems":true,"showVisualEffectGraphs":true,"m_FxEnabled":true},"in2DMode":false,"pivot":{"x":-11.85932445526123,"y":44.722434997558597,"z":-6.877544403076172},"rotation":{"x":0.4171809256076813,"y":0.21205922961235047,"z":-0.10137420892715454,"w":0.8787268996238709},"size":24.941322326660158,"orthographic":true}