{"cameraMode":{"drawMode":0,"name":"Shaded","section":"Shading Mode"},"sceneLighting":true,"audioPlay":false,"sceneViewState":{"m_AlwaysRefresh":false,"showFog":true,"showSkybox":true,"showFlares":true,"showImageEffects":true,"showParticleSystems":true,"showVisualEffectGraphs":true,"m_FxEnabled":true},"in2DMode":false,"pivot":{"x":-0.12999999523162843,"y":13.720000267028809,"z":26.450000762939454},"rotation":{"x":-0.2237667292356491,"y":0.4927642345428467,"z":-0.13064049184322358,"w":-0.8315855860710144},"size":1.8467093706130982,"orthographic":true}